text,label,label_raw,speaker,image_path
"“Under federal law, you cannot engage in partisan gerrymandering.”",Fake,false,Fentrice Driskell,news_images\news_1_0.jpg
Imagen muestra que “950 inmigrantes derrumbaron el muro fronterizo entre México y Estados Unidos intentando ingresar a Estados Unidos” en abril 2026.,Fake,false,Instagram posts,news_images\news_1_1.jpg
"“As a result of the 'Big Beautiful Bill' 15 million Americans have been thrown off the healthcare that they need.""",Fake,barely-true,Bernie Sanders,news_images\news_1_2.jpg
“Secret Service remains unpaid” during the partial government shutdown.,Fake,false,Tim Scott,news_images\news_1_3.jpg
Video shows “unedited raw security footage” of the shooter at the April 25 White House Correspondents’ Association dinner.,Fake,false,Social Media,news_images\news_1_4.jpg
"“Tras el atentado a Trump”, en la cena de corresponsales de la Casa Blanca el 25 de abril, “Irán lanza un mensaje fuerte: ‘no le crean nada, miente’”.",Fake,false,Social Media,news_images\news_1_5.jpg
"U.S. Rep. Byron Donalds voted ""against three pay raises for military service members, including the largest pay raise for the military in 22 years.""",Fake,barely-true,Jay Collins,news_images\news_1_6.jpg
"“With one dose of ibogaine, more than 80% of people are free of (opioid) addiction. With two doses, it's more than 90%.”",Fake,barely-true,Joe Rogan,news_images\news_1_7.jpg
Video shows President Donald Trump at the Walter Reed National Military Medical Center.,Fake,false,Facebook posts,news_images\news_1_8.jpg
"Video shows the United States’ April 19, 2026, strike on an Iranian cargo ship.",Fake,false,Social Media,news_images\news_1_9.jpg
"El papa León XIV ""pide destituir a Donald Trump"".",Fake,false,Social Media,news_images\news_1_10.jpg
“Thom Tillis is no longer a senator.”,Fake,false,Donald Trump,news_images\news_1_11.jpg
“Moulton voted with Republicans to thank ICE for protecting our homeland. He thanked ICE as they were terrorizing our communities and killed citizens in broad daylight.”,Fake,barely-true,Commonwealth Together PAC,news_images\news_1_12.jpg
Photos and clips show the moon from Artemis II.,Fake,false,Social Media,news_images\news_1_13.jpg
Video shows a US soldier crying and saying she misses home and her family.,Fake,false,Social Media,news_images\news_1_14.jpg
"As Nassau County Executive, I hired 600 new law enforcement officers and made Nassau the safest county in America.",Fake,barely-true,Bruce Blakeman,news_images\news_1_15.jpg
“We've had regime change.”,Fake,barely-true,Donald Trump,news_images\news_2_0.jpg
Video shows ICE agent removing “US citizen on a plane for being Latino.”,Fake,false,Facebook posts,news_images\news_2_1.jpg
Image shows President Donald Trump asked Florida Gov. Ron DeSantis on Truth Social to pardon Tiger Woods following a DUI charge.,Fake,false,Social Media,news_images\news_2_2.jpg
Video shows Israelis fleeing to Cyprus.,Fake,false,Social Media,news_images\news_2_3.jpg
"""Youth underemployment for college grads is 70%"" nationwide.",Fake,false,James Fishback,news_images\news_2_4.jpg
“You can't shovel snow in New York City without an ID.”,Fake,barely-true,Katie Britt,news_images\news_2_5.jpg
"“In the modern era, no American president has ordered more military strikes against as many different countries as Donald Trump.”",Real,true,Elizabeth Warren,news_images\news_2_6.jpg
Florida school districts are the “biggest” drivers of increased property taxes.,Fake,barely-true,Byron Donalds,news_images\news_2_7.jpg
Video shows toddler crying over casket of American service member killed in Iran.,Fake,false,Social Media,news_images\news_2_8.jpg
El líder de Corea del Norte Kim Jong Un dijo que “ningún Dios podrá proteger a Estados Unidos de nuestras nuevas armas”.,Fake,false,TikTok posts,news_images\news_2_9.jpg
"""BREAKING: So the Israeli media reports Itamar Ben‑Gvir died in a 'car crash,' while in fact he’s been obliterated by an Iranian missile strike on his home.""",Fake,false,X posts,news_images\news_2_10.jpg
Iran “also has some Tomahawks.”,Fake,false,Donald Trump,news_images\news_2_11.jpg
“El régimen de Irán ha confesado que (el Cuerpo de la Guardia Revolucionaria Islámica) bombardeó por error… una escuela iraní” el 28 de febrero.,Fake,false,X posts,news_images\news_2_12.jpg
Iran released a list of U.S. cities it will target.,Fake,false,Social Media,news_images\news_2_13.jpg
"The Biden administration ""reversed"" a policy of deporting people in the country illegally who have committed felonies.",Fake,false,Ashley Moody,news_images\news_2_14.jpg
The 2015 Iran nuclear agreement “gave (Iran) the right to have top-of-the-line nuclear weapons.”,Fake,false,Donald Trump,news_images\news_2_15.jpg
"Video shows a US air base in Riyadh, Saudi Arabia, being destroyed by Iran.",Fake,false,X posts,news_images\news_2_16.jpg
"NC state Sen. Phil Berger, R-Rockingham, “killed a bill banning sex-change surgeries for minors.”",Fake,barely-true,Guilford-Rockingham Alliance,news_images\news_2_17.jpg
“The regime in Iran has now confessed that the (Islamic Revolutionary Guard Corps) mistakenly bombed an Iranian school yesterday.”,Fake,false,X posts,news_images\news_3_0.jpg
"“Israeli shooter opened fire inside an Austin (Texas) bar” on March 1, 2026.",Fake,false,X posts,news_images\news_3_1.jpg
An Instagram video shows a New York City man sculpting a car out of snow.,Fake,false,Instagram posts,news_images\news_3_2.jpg
Says Sam Page “got busted calling Trump’s (immigration) plan unrealistic.”,Fake,false,NC True Conservatives PAC,news_images\news_3_3.jpg
"Imagen muestra a Puerto Vallarta, México, después de la muerte de Nemesio “El Mencho” Oseguera Cervantes, el líder del Cártel Jalisco Nueva Generación.",Fake,false,Social Media,news_images\news_3_4.jpg
"After U.S. vessel strikes in the Caribbean Sea and Pacific Ocean, “drugs entering our country by sea are down 97%.”",Fake,false,Donald Trump,news_images\news_3_5.jpg
"Image shows Puerto Vallarta, Mexico, after the killing of Nemesio “El Mencho” Oseguera Cervantes, the head of Jalisco New Generation Cartel.",Fake,false,Social Media,news_images\news_3_6.jpg
Says “90% of health care spending treats chronic disease.”,Fake,false,Robert F. Kennedy Jr.,news_images\news_3_7.jpg
"Savannah Guthrie's husband’s company is listed as a ""co conspirator"" in the Epstein files, “in case you're wondering why now of all times for (her) mother to be 'kidnapped.'""",Fake,false,X posts,news_images\news_3_8.jpg
"Crime in Minneapolis “is down 25, 30% because we’ve removed thousands of criminals from the area.”",Fake,barely-true,Donald Trump,news_images\news_3_9.jpg
"“Durante su presentación en el Super Bowl, Bad Bunny le regaló su premio Grammy a Liam Conejo Ramos”, el niño de 5 años que fue detenido por ICE.",Fake,false,Social Media,news_images\news_3_10.jpg
"During the Super Bowl halftime show, “Bad Bunny brought Liam Conejo Ramos onto the stage,” the 5-year-old detained by Immigration and Customs Enforcement in Minneapolis.",Fake,false,Social Media,news_images\news_3_11.jpg
"""Right now we're focused on Minneapolis because that's where we have the highest concentration of people who have violated our immigration laws.""",Fake,false,JD Vance,news_images\news_4_0.jpg
"An image shows Alex Pretti holding a gun, not a phone, while pinned by federal immigration agents in Minneapolis.",Fake,false,X posts,news_images\news_4_1.jpg
“You cannot bring a firearm loaded with multiple magazines to any sort of protest that you want. It’s that simple.”,Fake,barely-true,Kash Patel,news_images\news_4_2.jpg
Protesters against the federal immigration crackdown in Minnesota are conducting “fake protests done by agitators and professional insurrectionists. …They're professional troublemakers.”,Fake,false,Donald Trump,news_images\news_4_3.jpg
Trees can explode if temperatures drop to 20 degrees below zero.,Fake,barely-true,Social Media,news_images\news_4_4.jpg
"“Trump’s $2,000 tariff dividend is live but you must act.”",Fake,false,Major Gross Profit,news_images\news_4_5.jpg
"Video showing a vacant lot at a Venice, California, address where 26 voters were registered exposes voter fraud.",Fake,false,Benny Johnson,news_images\news_4_6.jpg
The former U.S. childhood vaccine schedule called for babies to get “72 injections.”,Fake,false,Donald Trump,news_images\news_4_7.jpg
A letter sent to postal service employees about working during emergencies such as civil unrest is a sign that President Donald Trump will impose martial law.,Fake,false,Social Media,news_images\news_4_8.jpg
"“By federal law, if you sign someone up for Medicaid, you also give them the right to vote. … This is political patronage at the expense of Medicaid.”",Fake,false,Mehmet Oz,news_images\news_4_9.jpg
"""If we stop this fraud, this massive fraud, we're going to have a balanced budget.""",Fake,false,Donald Trump,news_images\news_4_10.jpg
A document shows Minnesota shooting victim Renee Good had a record of child abuse.,Fake,false,Social Media,news_images\news_4_11.jpg
Credit card companies would be “in violation of the law” if they don’t cap interest rates at 10% by Jan. 20.,Fake,false,Donald Trump,news_images\news_4_12.jpg
Viral photo shows the woman killed by an ICE agent Jan. 7 in Minneapolis.,Fake,false,Social Media,news_images\news_4_13.jpg
Maduro was “flooding America with deadly fentanyl.”,Fake,false,Donald Trump,news_images\news_4_14.jpg
Venezuelan leader Nicolás Maduro “was releasing people from his prisons and sending them to our southern border under the Biden administration.”,Fake,false,Ron DeSantis,news_images\news_4_15.jpg
"Video shows “leaked Donald Trump audio about the Epstein files and Venezuela.""",Fake,false,Facebook posts,news_images\news_4_16.jpg
Gov. Tim Walz had Democratic lawmaker Melissa Hortman killed.,Fake,false,Donald Trump,news_images\news_4_17.jpg
Video shows “millions of Venezuelans flooded the streets of Caracas” to celebrate Nicolás Maduro’s capture.,Fake,false,Alex Jones,news_images\news_4_18.jpg
Brown University student Mustapha Karbouch was a suspect in school shooting.,Fake,false,Social Media,news_images\news_4_19.jpg
Image shows Rob Reiner tweeted in 2023 that he would stop posting until “Trump goes to prison.”,Fake,false,Laura Loomer,news_images\news_4_20.jpg
The U.S. has received promises of investments totaling $18 trillion to $22 trillion since January.,Fake,false,Donald Trump,news_images\news_5_0.jpg
“I take responsibility for putting people in jail” in Minnesota fraud scandal.,Fake,false,Tim Walz,news_images\news_5_1.jpg
"Any pardon signed with an autopen is now ""fully and completely terminated, and is of no legal effect.""",Fake,false,Donald Trump,news_images\news_5_2.jpg
A new North Carolina law “prohibits the use of wireless communication devices while driving.”,Fake,false,Facebook posts,news_images\news_5_3.jpg
"“This Thanksgiving, turkey prices are at their lowest point since 2000.”",Fake,false,Richard Hudson,news_images\news_5_4.jpg
“I have just gotten the highest poll numbers of my ‘political career.’”,Fake,false,Donald Trump,news_images\news_5_5.jpg
"“There’s about 1,400 criminal illegal aliens that, right now, are in North Carolina and Charlotte’s jails that they refuse to turn over to ICE law enforcement.”",Fake,false,Tricia McLaughlin,news_images\news_5_6.jpg
West Virginia is “the only state losing population.”,Fake,false,Kayla Young,news_images\news_5_7.jpg
Housing is expensive “because we flooded the country with 30 million illegal immigrants” and because of a housing shortage.,Fake,barely-true,JD Vance,news_images\news_5_8.jpg
Video shows President Donald Trump patting President Bill Clinton’s crotch.,Fake,false,TikTok posts,news_images\news_5_9.jpg
“Evidence suggests that 1 in 25 women who consume (abortion) pills are hospitalized.”,Fake,barely-true,James Uthmeier,news_images\news_5_10.jpg
“My tariffs … are helping to slash the deficit this year by more than 25%.”,Fake,false,Donald Trump,news_images\news_5_11.jpg
Walmart’s 2025 package of Thanksgiving dinner ingredients shows a “25% reduction in costs for Thanksgiving between (President Joe) Biden and me.”,Fake,barely-true,Donald Trump,news_images\news_5_12.jpg
“North Carolina teachers are already the lowest paid teachers in the south.”,Fake,barely-true,Anderson Clayton,news_images\news_5_13.jpg
“RFK Jr. flees the scene after Novo Nordisk Executive Gordon Findlay collapsed in the Oval Office.”,Fake,false,X posts,news_images\news_5_14.jpg
"New York state has ""no ID requirement"" to vote, and people could lie about their address and ""vote in multiple precincts.""",Fake,barely-true,X posts,news_images\news_5_15.jpg
“The New York City ballot form is a scam” because “mayoral candidates appear twice.”,Fake,false,Elon Musk,news_images\news_5_16.jpg
"The federal government “decided to shut down the SNAP machines, so that they can’t be used.”",Fake,false,JB Pritzker,news_images\news_5_17.jpg
The majority of Supplemental Nutrition Assistance Program recipients are not U.S. citizens.,Fake,false,X posts,news_images\news_5_18.jpg
"“To all ICE officers, you have federal immunity in the conduct of your duties.”",Fake,barely-true,Stephen Miller,news_images\news_6_0.jpg
"Video shows Hurricane Melissa hitting Jamaica on Oct. 26, 2025.",Fake,false,X posts,news_images\news_6_1.jpg
"An ad from the government of Ontario, Canada, “misrepresents” President Ronald Reagan’s April 25, 1987, address about tariffs.",Fake,barely-true,The Ronald Reagan Presidential Foundation and Institute,news_images\news_6_2.jpg
"“The Trump administration just declared that erecting a ballroom is the president’s main priority,” rather than issues such as the cost of living and health care.",Fake,false,Hakeem Jeffries,news_images\news_6_3.jpg
"“Fifty percent of the presidents, almost, have used (the Insurrection Act). And that's unquestioned power.”",Fake,barely-true,Donald Trump,news_images\news_6_4.jpg
"""Political violence, it's just a statistical fact that it's a bigger problem on the left.”",Fake,barely-true,JD Vance,news_images\news_6_5.jpg
Democrats are “dishonestly sending around a video from 2017” claiming it was an Oct. 18 ‘No Kings’ rally in Boston.,Fake,false,Ted Cruz,news_images\news_6_6.jpg
Un video muestra un “arresto por robo que la policía de Chicago realizó hace más de un año”.,Fake,false,Tricia McLaughlin,news_images\news_6_7.jpg
"As the Trump administration pursues mortgage fraud charges against Letitia James, “there are three Cabinet members who committed mortgage fraud that he’s just letting fly.”",Fake,barely-true,Dan Koh,news_images\news_6_8.jpg
"“Trump’s budget called for a $300 (million) cut” to the Women, Infants and Children program.",Real,true,James Clyburn,news_images\news_6_9.jpg
“Vaccine makers are exempt from all liability for vaccine injury and death.”,Fake,barely-true,West Virginians For Health Freedom,news_images\news_6_10.jpg
A video shows a “burglary arrest Chicago Police made over a year ago.”,Fake,false,Tricia McLaughlin,news_images\news_6_11.jpg
"“If you vote no on Prop 50 to stop the redistricting, it shows through the envelope,” making it easy for Democrats to cheat.",Fake,barely-true,X posts,news_images\news_6_12.jpg
“It's going to be the biggest infusion of federal dollars into rural health care in American history.”,Fake,barely-true,Robert F. Kennedy Jr.,news_images\news_6_13.jpg
"“As a condition for ending the Democrat shutdown, Democrats want hospitals (to be) paid MORE to treat illegal aliens than American citizens.”",Fake,false,Mike Johnson,news_images\news_6_14.jpg
“The FBI tapped my phone” and those of other senators.,Fake,barely-true,Josh Hawley,news_images\news_6_15.jpg
Democrats shut down the government because they want “health care for illegal aliens and funding for free abortions.”,Fake,false,Rick Scott,news_images\news_6_16.jpg
“Portland is burning to the ground.”,Fake,false,Donald Trump,news_images\news_6_17.jpg
“Los demócratas están amenazando con cerrar todo el gobierno porque quieren dar cientos de miles de millones de dólares en beneficios de cuidado de salud a los inmigrantes ilegales”.,Fake,false,JD Vance,news_images\news_6_18.jpg
“Democrats are threatening to shut down the entire government because they want to give hundreds of billions of dollars of health care benefits to illegal aliens.”,Fake,false,JD Vance,news_images\news_7_0.jpg
"""Republicans have effectively ended medical research in the United States of America.""",Fake,barely-true,Hakeem Jeffries,news_images\news_7_1.jpg
"Small children are given ""80 different vaccines.""",Fake,false,Donald Trump,news_images\news_7_2.jpg
“Erika Kirk is banned from Romania because her Evangelical group was accused of trafficking children out of Romanian villages.”,Fake,false,X posts,news_images\news_7_3.jpg
The U.S. currently has “no inflation.”,Fake,false,Donald Trump,news_images\news_7_4.jpg
“I have ended seven unendable wars.”,Fake,barely-true,Donald Trump,news_images\news_7_5.jpg
"There was not “a single, prominent conservative voice in the country that even remotely wanted or hoped or was pushing to get Jimmy Kimmel taken off the air.”",Fake,false,Sean Hannity,news_images\news_7_6.jpg
Former President Barack Obama eliminated a law that “held news corporations accountable for lying to the American people.”,Fake,false,Social Media,news_images\news_7_7.jpg
“North Carolina has just approved a law permitting foreign doctors to practice without completing U.S. training or licensing exams.”,Fake,barely-true,X posts,news_images\news_7_8.jpg
Former North Carolina Gov. Roy Cooper “bears direct responsibility” for the fatal stabbing of a woman on the Charlotte rail system.,Fake,false,Michael Whatley,news_images\news_7_9.jpg
A book on Amazon titled “The Shooting of Charlie Kirk” with a Sept. 9 publication date is evidence the event was staged.,Fake,false,X posts,news_images\news_7_10.jpg
"“Wind and solar energy infrastructure is essentially worthless when it is dark outside, and when the wind is not blowing.”",Fake,false,U.S. Energy Department,news_images\news_7_11.jpg
Video shows Chicago salt trucks were used “to slow traffic and block access points in response to an incoming ICE operation.”,Fake,false,TikTok posts,news_images\news_7_12.jpg
“Everybody can get” the COVID-19 vaccine.,Fake,barely-true,Robert F. Kennedy Jr.,news_images\news_7_13.jpg
President Donald Trump’s “official schedule was suddenly suspended.”,Fake,false,X posts,news_images\news_7_14.jpg
The U.S. Census included a citizenship question “for over 150 years” before the Obama administration.,Fake,false,James Uthmeier,news_images\news_7_15.jpg
"In Washington, D.C., “We always have a murder a week.”",Fake,false,Donald Trump,news_images\news_8_0.jpg
"""If you go back to World War II, if you go back to World War I, if you go back to every major conflict in human history, they all end with some kind of negotiation.""",Fake,false,JD Vance,news_images\news_8_1.jpg
An Aug. 23 video shows “the military’s already showing up in Chicago” before a potential National Guard deployment.,Fake,false,X posts,news_images\news_8_2.jpg
“We had the biggest tax cut for families that this country has ever seen.”,Fake,barely-true,JD Vance,news_images\news_8_3.jpg
"TikTok videos show police clearing out homeless encampments in Washington, D.C.",Fake,false,TikTok posts,news_images\news_8_4.jpg
"With voting machines, ""They say we're going to have the results in two weeks. With paper ballots, you have the results that night.""",Fake,false,Donald Trump,news_images\news_8_5.jpg
“We are now the only country in the world that uses mail-in voting.”,Fake,false,Donald Trump,news_images\news_8_6.jpg
"Washington, D.C., has 41 homicides per 100,000 people, “No. 1 that we can find anywhere in the world.”",Fake,false,Donald Trump,news_images\news_8_7.jpg
“Promises kept: negative net migration (in the U.S.) for the first time in 50 years!”,Fake,barely-true,Donald Trump,news_images\news_8_8.jpg
The official U.S. government website erased sections of the U.S. Constitution without amending it.,Fake,false,Threads posts,news_images\news_8_9.jpg
"Osos pardos, bisontes y pumas están huyendo del Parque Nacional de Yellowstone hacia Salt Lake City, Utah.",Fake,false,TikTok posts,news_images\news_8_10.jpg
“Democrats have 24 more seats (in Congress) than they would have if illegal aliens were not counted in the census.”,Fake,false,John Blust,news_images\news_8_11.jpg
"Elk, grizzly bears, bison and mountain lions are fleeing Yellowstone National Park to Salt Lake City, Utah.",Fake,false,TikTok posts,news_images\news_8_12.jpg
“I’ve stopped six wars” since taking office in January 2025.,Fake,barely-true,Donald Trump,news_images\news_8_13.jpg
"President Donald Trump “made 4,725 wire transfers” to Jeffrey Epstein, totaling nearly $1.1 billion.",Fake,false,Social Media,news_images\news_8_14.jpg
"“Home Depot signed a deal that pays them $250 million with DHS, allowing ICE agents to stake out their parking lots and arrest immigrants.”",Fake,false,Threads posts,news_images\news_8_15.jpg
“Nearly 25 cents of every $1 spent via SNAP goes to farmers and ranchers.”,Real,true,Francesca Hong,news_images\news_8_16.jpg
Suspect in July 28 New York City shooting “was shouting Free Palestine and wearing a Keffiyeh.”,Fake,false,X posts,news_images\news_8_17.jpg
Democrats paid Beyoncé $11 million for an endorsement.,Fake,false,Donald Trump,news_images\news_8_18.jpg
The Jeffrey Epstein plea agreement “was a sweetheart plea deal that was made under the Obama administration.”,Fake,false,Markwayne Mullin,news_images\news_9_0.jpg
"Images show “Egyptian youth who put some food, baby formula, rice, and flour in bottles and threw them into the sea, hoping it would reach Gaza.”",Fake,false,Social Media,news_images\news_9_1.jpg
Tariffs are “going to pay off our deficit.”,Fake,false,Howard Lutnick,news_images\news_9_2.jpg
"Under President Donald Trump’s newly signed tax law, “Those making less than $50,000 receive the largest (tax) cuts.”",Fake,barely-true,Lori Chavez-DeRemer,news_images\news_9_3.jpg
"El sheriff del condado Kerr, Texas dijo, “que se debe solicitar la residencia permanente para el equipo de rescate mexicano que rescató a su familia”.",Fake,false,TikTok posts,news_images\news_9_4.jpg
"The Kerr County, Texas, sheriff “said he would apply for a green card for the Mexican rescue team that saved his family.”",Fake,false,X posts,news_images\news_9_5.jpg
There is “zero impact” from Alligator Alcatraz on the Florida Everglades.,Fake,false,Ron DeSantis,news_images\news_9_6.jpg
"A Congressional Budget Office estimate of people who stand to lose insurance from President Donald Trump’s tax and spending law said “about 5 million … have other insurance,” so “if they lose one (type of coverage), they're still insured.”",Fake,barely-true,Kevin Hassett,news_images\news_9_7.jpg
Former Gov. Roy Cooper is scheduled to speak at a Winston-Salem coffee shop July 18 at 11 a.m. about the “future of North Carolina.”,Fake,false,X posts,news_images\news_9_8.jpg
Almost 5 million able-bodied Medicaid recipients “simply choose not to work” and “spend six hours a day socializing and watching television.”,Fake,false,Scott Jennings,news_images\news_9_9.jpg
The Trump administration “has defunded not only the National Weather Service but also what’s known as NOAA.”,Fake,barely-true,Social Media,news_images\news_9_10.jpg
The Rainmaker Technology Corp.’s cloud seeding caused the July 4 flooding in Texas.,Fake,false,Social Media,news_images\news_9_11.jpg
“Si dios fuera ilegal lo deportariamos palabras del gobernador de Texas”.,Fake,false,TikTok posts,news_images\news_9_12.jpg
“Donald Trump acaba de firmar una nueva orden que pone al país en alerta máxima y sella las fronteras para todos los residentes” el 1 de julio.,Fake,false,TikTok posts,news_images\news_9_13.jpg
"Una nueva ley permite aplicar a “la residencia permanente de forma directa, rápida y sin salir del país” si los migrantes han vivido al menos siete años en EE.UU.",Fake,false,TikTok posts,news_images\news_9_14.jpg
President Donald Trump signed an executive order for “a total border shutdown with no set reopening date” on July 1.,Fake,false,TikTok posts,news_images\news_9_15.jpg
"A new “community recognition” law allows people to apply for “permanent residency directly, quickly, and without leaving the country” if they have “resided continuously in the United States for at least seven years, regardless of their current immigration status.”",Fake,false,TikTok posts,news_images\news_9_16.jpg
Idaho shooting suspect Wess Roley faced criminal charges and had a no-contact order from his family.,Fake,false,X posts,news_images\news_9_17.jpg
The One Big Beautiful Bill will deliver the promise of “no tax on Social Security.”,Fake,barely-true,Donald Trump,news_images\news_9_18.jpg
"If the “Big Beautiful Bill” passes, ""hardworking Americans and families will see an average increase in take-home pay of OVER $10,000 per year.""",Fake,barely-true,Donald Trump,news_images\news_10_0.jpg
New York City mayoral candidate Zohran Mamdani is a communist.,Fake,false,Donald Trump,news_images\news_10_1.jpg
Video shows protesters “outraged” over U.S. attacks in Iran.,Fake,false,X posts,news_images\news_10_2.jpg
"Photo shows Israeli pilot Sarah Ahronot, who was captured by Iran.",Fake,false,X posts,news_images\news_10_3.jpg
Video shows “massive fire after Iranian missile made impact in Tel Aviv” in June 2025.,Fake,false,X posts,news_images\news_10_4.jpg
"Four million more people live in Florida, but New York gets $20 billion more for Medicaid, because it covers illegal immigrants and adults without chronic illness.",Fake,barely-true,Rick Scott,news_images\news_10_5.jpg
“Governor Tim Walz has DELETED every post he made praising Minnesota (assassin) Vance Boelter.”,Fake,false,Social Media,news_images\news_10_6.jpg
"Image shows an antifa debit card that can “automatically be funded after looting, rioting and gang stalking.”",Fake,false,X posts,news_images\news_10_7.jpg
Video shows the New York Mets “showed a Pride flag instead of the American flag” during the national anthem.,Fake,false,X posts,news_images\news_10_8.jpg
Video shows Marine Corps attack helicopter over Los Angeles in response to immigration raid protests.,Fake,false,X posts,news_images\news_10_9.jpg
"Says Karoline Leavitt said, “America cannot function if President Trump has to deal with co-equal branches of government having the ability to check his power.”",Fake,false,X posts,news_images\news_10_10.jpg
"Companies called “T-Mellon Events” and “Fight Fite Fight LLC” are offering to pay “seat fillers” in Washington, D.C, on June 14.",Fake,false,Social Media,news_images\news_10_11.jpg
Immigration and Customs Enforcement agents raided Los Angeles' Gratts Learning Academy during a June graduation ceremony.,Fake,false,Instagram posts,news_images\news_10_12.jpg
"Video shows woman exiting her car during the 2025 Los Angeles protests, shouting, “I have babies in the car!”",Fake,false,X posts,news_images\news_10_13.jpg
Craigslist ad was “recruiting people for LA ‘protests.’”,Fake,false,TikTok posts,news_images\news_10_14.jpg
Video shows Los Angeles protesters chanting “We are Los Angeles” in June 2025.,Fake,false,TikTok posts,news_images\news_10_15.jpg
"If the “Big, Beautiful” tax and spending bill doesn’t pass, “there will be a 68% tax increase.”",Fake,false,Donald Trump,news_images\news_10_16.jpg
Video shows “Marines have arrived in Los Angeles” June 8 to respond to immigration protests.,Fake,false,X posts,news_images\news_11_0.jpg
“BREAKING: Rep. Maxine Waters calls for the United States to grant citizenship to every undocumented protester in Los Angeles” 2025 protests.,Fake,false,Facebook posts,news_images\news_11_1.jpg
Video shows a police car burning during June 2025 Los Angeles protests.,Fake,false,X posts,news_images\news_11_2.jpg
Target “opts out of Pride month and replaced its Pride collection with an America First Summer display.”,Fake,false,X posts,news_images\news_11_3.jpg
“One out of every $5 or $6 in Medicaid (payments) is improper.”,Fake,barely-true,Russell Vought,news_images\news_11_4.jpg
The state budget contains the largest middle class tax cut in 70 years.,Fake,false,Kathy Hochul,news_images\news_11_5.jpg
Image shows Ben & Jerry’s is selling “Free Palestine” and “From the River to Sea” ice cream flavors.,Fake,false,Viral image,news_images\news_11_6.jpg
“Contractors are being rejected” from providing Hurricane Helene relief in North Carolina because of racial “quotas” required by the state.,Fake,false,Brenden Jones,news_images\news_11_7.jpg
“We are not cutting” the Supplemental Nutrition Assistance Program.,Fake,false,Mike Johnson,news_images\news_11_8.jpg
Harvard University “refuse(s) to tell us” who its international students are.,Fake,false,Donald Trump,news_images\news_11_9.jpg
El gobernador de Florida Ron DeSantis firmó ley que prohíbe a inmigrantes ilegalmente en el país echar gasolina.,Fake,false,TikTok posts,news_images\news_11_10.jpg
The Republican tax and spending bill will let President Donald Trump “delay or cancel elections — legally.”,Fake,false,Social Media,news_images\news_11_11.jpg
"Rep. LaMonica McIver, D-N.J., started singing during a May 20 CNN interview.",Fake,false,X posts,news_images\news_11_12.jpg
"In the House bill, “we’re not changing Medicaid,” only cutting “waste, fraud and abuse.”",Fake,false,Donald Trump,news_images\news_11_13.jpg
The Sean “Diddy” Combs trial testimony revealed that former President Barack Obama was “caught in secret meetings with Diddy’s drug runner.”,Fake,false,X posts,news_images\news_11_14.jpg
La presidenta de México Claudia Sheinbaum dijo que el choque del buque Cuauhtémoc contra el puente de Brooklyn en Nueva York no fue un accidente y puede ser un acto hostil.,Fake,false,TikTok posts,news_images\news_11_15.jpg
President Donald Trump’s tax and spending bill “does not add to the deficit.”,Fake,false,Karoline Leavitt,news_images\news_11_16.jpg
"While serving in Congress, Transportation Secretary Sean Duffy “voted against upgrading air traffic control systems.”",Fake,barely-true,Robert Reich,news_images\news_11_17.jpg
Former President Joe Biden’s cancer is a form of “turbo cancer” caused by mRNA vaccines.,Fake,false,X posts,news_images\news_11_18.jpg
"“Gasoline prices have collapsed under President Trump.""",Fake,barely-true,Scott Bessent,news_images\news_11_19.jpg
"It’s “all true” that the measles vaccine wanes quickly, was never fully safety tested and contains fetal debris.",Fake,false,Robert F. Kennedy Jr.,news_images\news_11_20.jpg
"Declining cargo traffic at U.S. ports “means we lose less money. … When you say it's slowed down, that's a good thing.”",Fake,false,Donald Trump,news_images\news_11_21.jpg
“Google caved in to Trump. They erased Black History Month from the calendar.”,Fake,barely-true,Marcia Morey,news_images\news_12_0.jpg
"The Immigration and Nationality Act “stripped Article III courts, that's the judicial branch, of jurisdiction over immigration cases.”",Fake,false,Stephen Miller,news_images\news_12_1.jpg
"Under a new executive order, prescription drug prices will be reduced “almost immediately.”",Fake,barely-true,Donald Trump,news_images\news_12_2.jpg
"The Digital Equity Act is a handout ""based on race,” and “illegal.”",Fake,false,Donald Trump,news_images\news_12_3.jpg
"“In 1996, Congress specifically authorized the executive branch to conduct non-judicial deportations NOT SUBJECT TO DUE PROCESS.”",Fake,false,Social Media,news_images\news_12_4.jpg
“About 20% of households with veterans rely upon” the Supplemental Nutrition Assistance Program.,Fake,barely-true,Hakeem Jeffries,news_images\news_12_5.jpg
“China makes 80% of all toys” and “90% of all Christmas goods” sold in the U.S.,Real,true,Charles Blow,news_images\news_12_6.jpg
"Headline said, “Pope Leo XIV was a founding member of the 2020 anarchist Portland Autonomous Zone known as CHAZ.”",Fake,false,X posts,news_images\news_12_7.jpg
"Robert Prevost, the Roman Catholic cardinal who was chosen to be the new pope, is a “registered Republican.”",Fake,barely-true,X posts,news_images\news_12_8.jpg
“We have now close to $10 trillion” in investments. “We’re talking about essentially two months.”,Fake,false,Donald Trump,news_images\news_12_9.jpg
"“If people come into our country illegally, there’s a different standard” for due process.",Fake,false,Donald Trump,news_images\news_12_10.jpg
Canadian tourism to Florida has declined by 80%.,Fake,barely-true,Jared Moskowitz,news_images\news_12_11.jpg
"""Republicans just voted in the House Judiciary Committee to allow Trump to DEPORT U.S. citizens to a foreign country.""",Fake,barely-true,Eric Swalwell,news_images\news_12_12.jpg
"Video shows Canadian Prime Minister Mark Carney saying effective June 1, “all vehicles manufactured before 2000 will be gradually phased off Canadian roads due to safety and emissions standards.”",Fake,false,TikTok posts,news_images\news_12_13.jpg
"The federal government’s Women, Peace and Security program is a “Biden initiative.”",Fake,false,Pete Hegseth,news_images\news_12_14.jpg
California Democrats “block bill to make sex trafficking minors a felony.”,Fake,barely-true,X posts,news_images\news_12_15.jpg
“We had a couple of states where gasoline was at $1.98 a gallon.”,Fake,false,Donald Trump,news_images\news_12_16.jpg
“Gun violence is the leading killer of college-aged people in the U.S.”,Real,true,Moms Demand Action for Gun Sense In America,news_images\news_12_17.jpg
"Arizona Democrats “needed a lawsuit to force them to remove 50,000 noncitizens from voter rolls.”",Fake,false,X posts,news_images\news_12_18.jpg
Former U.S. Rep. Liz Cheney wrote a viral letter to Democrats suggesting steps to take against the Trump administration.,Fake,false,Facebook posts,news_images\news_12_19.jpg
"Under the SAVE Act, “as long as you have a Real ID … it should be easy for you to register to vote.”",Fake,barely-true,Byron Donalds,news_images\news_13_0.jpg
"“Less than half of Americans have $1,000 in savings.”",Fake,barely-true,Tim Walz,news_images\news_13_1.jpg
"Cody Balmer, the person charged with setting fire to Pennsylvania governor’s residence, posted a photo that said “F--- Trump.”",Fake,false,X posts,news_images\news_13_2.jpg
"Photos and videos show Washington, D.C., protests against White House adviser Elon Musk are “staged & paid — bussed in, scripted, clocked out.”",Fake,false,X posts,news_images\news_13_3.jpg
"In 2024, “China made $1 trillion off trade with the United States.”",Fake,false,Donald Trump,news_images\news_13_4.jpg
"“China cancela la venta de TikTok” y “a partir de finales de abril los usuarios estadounidenses tendrán que pagar una tarifa mensual obligatoria para seguir usando TikTok"".",Fake,false,TikTok posts,news_images\news_13_5.jpg
The U.S. is “taking in almost $2 billion a day in tariffs.”,Fake,false,Donald Trump,news_images\news_13_6.jpg
“We had an agriculture export deficit that increased from zero when President Trump left to $49 billion” under former President Joe Biden.,Fake,barely-true,Brooke Rollins,news_images\news_13_7.jpg
"Says Kevin Hassett, National Economic Council director, said on April 7, “Trump is considering a 90-day pause in tariffs for all countries except China.”",Fake,false,X posts,news_images\news_13_8.jpg
Video shows South African news outlet reporting Ukraine President Volodymyr Zelenskyy “purchased a controlling stake” in a mine.,Fake,false,Viral image,news_images\news_13_9.jpg
"Says Cleveland Clinic said, “Millions of COVID-vaxxed will die within ‘5 years.’”",Fake,false,Facebook posts,news_images\news_13_10.jpg
“White hats to investigate Wisconsin Supreme Court election.”,Fake,false,Viral image,news_images\news_13_11.jpg
"Photo shows “Pope Francis, shaking the hand of the priest of the Church of Satan.”",Fake,false,Facebook posts,news_images\news_13_12.jpg
"Says Elon Musk wrote on X, “The DOGE team has discovered tens of millions of dollars spent on golf by a single government official.”",Fake,false,Viral image,news_images\news_13_13.jpg
"“Caitlin Clark stuns the globe, rejects Elon Musk’s $15 million offer.”",Fake,false,Facebook posts,news_images\news_13_14.jpg
Video of gray skies in northern Michigan is proof of weather modification.,Fake,false,Facebook posts,news_images\news_13_15.jpg
Conservative activist Laura Loomer’s reporting proves “Alex Wong is the individual who added (journalist) Jeffrey Goldberg” to the Trump administration Signal group text about bombing Yemen.,Fake,false,Facebook posts,news_images\news_13_16.jpg
Video shows “how Denmark reacted when Trump said he wanted to buy Greenland.”,Fake,false,Viral image,news_images\news_13_17.jpg
"“Daughter of boxing legend, Muhammed Ali, Laila Ali, has lost her life while giving birth in a Canadian hospital.”",Fake,false,Facebook posts,news_images\news_13_18.jpg
"Says President Donald Trump wrote on Truth Social, “I am ending dual citizenship under the Espionage Act and all these traitors will be ‘denaturalized and deported.’”",Fake,false,Viral image,news_images\news_13_19.jpg
"""The consumer confidence in this country has gone way down.""",Real,true,Cory Booker,news_images\news_13_20.jpg
Images show damage from an “earthquake in Thailand.”,Fake,false,Facebook posts,news_images\news_13_21.jpg
“Seven counties in Wisconsin (ran) out of ballots” and it was “intentional” to diminish Republican voter turnout.,Fake,barely-true,X posts,news_images\news_14_0.jpg
"“Elon Musk called for a boycott of ‘The View,’ labeling it ‘a meeting place for ignorant women.’”",Fake,false,Facebook posts,news_images\news_14_1.jpg
Kilmar Armando Abrego Garcia “was a convicted MS-13 gang member.”,Fake,false,JD Vance,news_images\news_14_2.jpg
President Donald Trump “just suggested replacing pride month with veterans month in honor of those who served.”,Fake,false,Facebook posts,news_images\news_14_3.jpg
Screenshots show Speaker Mike Johnson messaging on Grindr.,Fake,false,TikTok posts,news_images\news_14_4.jpg
Video shows “France and Denmark are sending troops to Greenland to prepare for (an) attack from Donald Trump.”,Fake,false,Facebook posts,news_images\news_14_5.jpg
"On PBS, ""they now have drag queen storytime instead of good old ‘Sesame Street.’""",Fake,false,Marjorie Taylor Greene,news_images\news_14_6.jpg
Elon Musk funded a Neuralink implant procedure for a 7-year-old girl “who was diagnosed with a rare neurological disorder.”,Fake,false,Facebook posts,news_images\news_14_7.jpg
"If you update your iPhone to iOS 18.3, you are going to have Starlink automatically installed in your phone.",Fake,false,TikTok posts,news_images\news_14_8.jpg
“Hillary Clinton was sending classified documents that were stamped TS or TSSCI.”,Fake,false,Markwayne Mullin,news_images\news_14_9.jpg
Image shows a “person dressed up as Pikachu to resist police violence” in Turkey.,Fake,false,Social Media,news_images\news_14_10.jpg
"North Carolina “always had nonpartisan judicial races, and when the Republicans took over several years ago they changed it.”",Fake,barely-true,Sydney Batch,news_images\news_14_11.jpg
“We have automobile plants being built at levels we've never seen … and they're going up fast.”,Fake,barely-true,Donald Trump,news_images\news_14_12.jpg
Phoenix’s increased wildfire risk is linked to Bill Gates’ “smart city” plans.,Fake,false,Facebook posts,news_images\news_14_13.jpg
“Canada makes bold decision to shut down Tesla and the US auto industry.”,Fake,false,Facebook posts,news_images\news_14_14.jpg
“El nuevo presidente ha aprobado el Programa Nacional de Alivio de Deuda 2025 para todos los hispanoamericanos”.,Fake,false,Facebook posts,news_images\news_14_15.jpg
Imagen muestra a “uno de los manifestantes que participó en el vandalismo contra un concesionario de Tesla. La deportación a El Salvador fue consecuencia de sus acciones”.,Fake,false,Facebook posts,news_images\news_14_16.jpg
People can get student debt “erased” by filing Family Educational Rights and Privacy Act complaints because the Department of Government Efficiency accessed federal student loan databases.,Fake,false,TikTok posts,news_images\news_14_17.jpg
Elon Musk said “Tesla is finished” and needs “drastic changes immediately.”,Fake,false,Facebook posts,news_images\news_14_18.jpg
"""Nobody was texting war plans"" in the Trump administration Signal group text about bombing Yemen.",Fake,false,Pete Hegseth,news_images\news_14_19.jpg
“El presidente Donald Trump anunció una nueva ley que prohíbe a los inmigrantes hablar español en público en los Estados Unidos”.,Fake,false,TikTok posts,news_images\news_14_20.jpg
“La medida audaz de Canadá: Tesla y la industria automotriz estadounidense cierran”.,Fake,false,Facebook posts,news_images\news_14_21.jpg
Defense Secretary Pete Hegseth “removed Colin Powell’s name from a list of notable Americans buried at Arlington National Cemetery.”,Fake,false,X posts,news_images\news_14_22.jpg
"“On Feb. 25, I voted yes on a budget resolution that protects Social Security, Medicare, and Medicaid while cutting some spending elsewhere.""",Fake,false,Nick LaLota,news_images\news_15_0.jpg
Video shows “leaked audio” of Vice President JD Vance criticizing Elon Musk and saying “he's making us look bad.”,Fake,false,X posts,news_images\news_15_1.jpg
El presidente Donald Trump “firma orden ejecutiva para obligar a los bancos a que les quiten un 10% de dinero” de sus ahorros a los inmigrantes.,Fake,false,Facebook posts,news_images\news_15_2.jpg
"Netflix show “Adolescence” is based on Southport, England, knife attacker but the show “race swapped the actual killer from a black man/migrant to a white boy.”",Fake,false,Ian Miles Cheong,news_images\news_15_3.jpg
“Nueva ley en EE.UU. impone cadena perpetua a inmigrantes que residen ilegalmente en el país”.,Fake,false,Facebook posts,news_images\news_15_4.jpg
The federal Education Department has a “budget of about $280 billion a year. Less than 25% goes to educating our students.”,Fake,false,Harriet Hageman,news_images\news_15_5.jpg
Files reveal that John F. Kennedy Jr. wrote a 1994 letter calling then-Sen. Joe Biden “a traitor” before Kennedy’s 1999 death.,Fake,false,Facebook posts,news_images\news_15_6.jpg
Says Ukraine President Volodymyr Zelenskyy “engaged in election interference by campaigning” in Pennsylvania for former Democratic presidential nominee Kamala Harris.,Fake,false,Facebook posts,news_images\news_15_7.jpg
“Social Security is the biggest Ponzi scheme of all time.”,Fake,false,Elon Musk,news_images\news_15_8.jpg
"President Donald Trump wrote on Truth Social that, “After I’ve annexed Greenland and making it the 52nd State, I will annexe Alaska.”",Fake,false,Threads posts,news_images\news_15_9.jpg
"“A lot of studies” show that getting measles ""boosts your immune system later in life against cancers, atopic diseases, cardiac disease.""",Fake,false,Robert F. Kennedy Jr.,news_images\news_15_10.jpg
"A $600,000 federal grant went to study “menstrual cycles in transgender men.”",Fake,false,Brooke Rollins,news_images\news_15_11.jpg
"Former President Joe Biden’s pardons of lawmakers on the committee investigating the Jan. 6, 2021,  U.S. Capitol attack “are hereby declared void, vacant, and of no further force or effect,” because “they were done by autopen.”",Fake,false,Donald Trump,news_images\news_15_12.jpg
"DOGE found former first lady Michelle Obama “has been receiving a monthly $122,000 payment from the (General Services Administration) since 2009.”",Fake,false,Facebook posts,news_images\news_15_13.jpg
Elon Musk “launches a public campaign to terminate ‘The View.’”,Fake,false,Facebook posts,news_images\news_15_14.jpg
Deceased InfoWars reporter Jamie White was on a “Ukrainian enemies hit list.”,Fake,false,Alex Jones,news_images\news_15_15.jpg
The Department of Government Efficiency “found a $6 million grant awarded to Whoopi Goldberg to ‘promote diversity on The View.’”,Fake,false,Facebook posts,news_images\news_15_16.jpg
Girl Scout cookies are “toxic” because a study showed they contain glyphosate and heavy metals.,Fake,barely-true,Social Media,news_images\news_15_17.jpg
Video shows “Stacey Abrams admits the $2 billion Joe Biden’s EPA gave her was used to buy votes of people in Georgia by purchasing them new appliances.”,Fake,false,Facebook posts,news_images\news_15_18.jpg
“Tariffs are a tax cut for the American people.”,Fake,false,Karoline Leavitt,news_images\news_15_19.jpg
“Eliminate school choice” is on Susan Crawford’s agenda.,Fake,false,Brad Schimel,news_images\news_15_20.jpg
“The number of full-time jobs (was) dropping almost the entire Biden administration.”,Fake,false,Rick Scott,news_images\news_15_21.jpg
"During President Joe Biden’s four years in office, “31% of U.S. job growth” came from public-sector jobs.",Fake,false,X posts,news_images\news_15_22.jpg
"""All armed services are having among the best recruiting results ever” because of Trump policies, and “it was just a few months ago where the results were exactly the opposite.”",Fake,barely-true,Donald Trump,news_images\news_15_23.jpg
Video shows President Donald Trump admitting he became president because of a “rigged” 2024 election.,Fake,false,Social Media,news_images\news_15_24.jpg
"""Nueva orden ejecutiva desde la Casa Blanca tiene identificado a más de 47,000 cubanos con residencia legal los cuales serán puestos en proceso de deportación por haber viajado a Cuba después de su aprobación de asilo político"".",Fake,false,Facebook posts,news_images\news_16_0.jpg
"Myrtle Beach, South Carolina, area fires were intentional to build a “smart city.”",Fake,false,Social Media,news_images\news_16_1.jpg
"A partir del 28 de febrero “para comprar en supermercados pedirán tu identificación, pero no es por seguridad, es para cazar inmigrantes ilegales”.",Fake,false,TikTok posts,news_images\news_16_2.jpg
"""Apple quietly removed International Women’s Day from their calendar app.”",Fake,false,Social Media,news_images\news_16_3.jpg
U.S. Agency for International Development subsidized CNN and MSNBC hosts’ salaries.,Fake,false,Laura Loomer,news_images\news_16_4.jpg
U.S. Rep. Nancy Pelosi’s vineyard received $14 million in U.S. Agency for International Development funds for “experimental farming.”,Fake,false,Social Media,news_images\news_16_5.jpg
Elon Musk’s Department of Government Efficiency is “polling very well. It’s very popular.”,Fake,barely-true,Larry Kudlow,news_images\news_16_6.jpg
The Trump administration identified $1.9 billion in federal dollars going to a “decarbonization of homes” group Stacey Abrams “headed up.”,Fake,false,Donald Trump,news_images\news_16_7.jpg
Elon Musk posted on X that billionaires are “tired of subsidizing” public services.,Fake,false,Social Media,news_images\news_16_8.jpg
"“After the referendum, Milwaukee Public Schools has a larger tax levy than the City of Milwaukee.”",Real,true,Cavalier Johnson,news_images\news_16_9.jpg
"“DOGE discovers Louisiana man with 34 different names, addresses, and Social Security numbers. He was collecting $1,168,646 in (Social Security) per year.”",Fake,false,Facebook posts,news_images\news_16_10.jpg
"Maine Gov. Janet Mills said, “If (President) Donald Trump stops federal funding to Maine, we the people of Maine will take out federal taxes from all paychecks and no taxes will be paid to the federal government.”",Fake,false,Social Media,news_images\news_16_11.jpg
"A measles outbreak in Gaines County, Texas, was caused by “a public health initiative” to “distribute free measles vaccines.”",Fake,false,Facebook posts,news_images\news_16_12.jpg
“90% of the (school) districts in Wisconsin already have a policy” banning cellphones during class time.,Real,true,Joel Kitchens,news_images\news_16_13.jpg
"Zero votes for 2024 Democratic presidential nominee Kamala Harris in Rockland County, New York, precinct proves Elon Musk hacked 2024 presidential election.",Fake,false,Social Media,news_images\news_16_14.jpg
"Former President Joe Biden “fired” 14,000 Keystone XL pipeline workers “​​on day one” of his administration.",Fake,barely-true,Facebook posts,news_images\news_16_15.jpg
"U.S. Secretary of Health and Human Services Robert F. Kennedy Jr. wrote on X, “In my first 6 months as HHS secretary … I’ll ban chemtrails.”",Fake,false,Viral image,news_images\news_16_16.jpg
“Breaking News: Rep. Ilhan Omar has been removed from the House Foreign Affairs Committee.”,Fake,false,Instagram posts,news_images\news_16_17.jpg
“La presidenta de México Claudia Sheinbaum PROHIBE la entrada al nuevo IPHONE de la empresa tecnológica.”,Fake,false,Facebook posts,news_images\news_16_18.jpg
Photos show Elon Musk in a fight during a science conference.,Fake,false,Facebook posts,news_images\news_16_19.jpg
“Stacey Abrams stole $2 BILLION from taxpayers.”,Fake,false,Facebook posts,news_images\news_16_20.jpg
"“I am not making this up: Republicans have introduced legislation … to increase your bank fees.""",Fake,barely-true,Pete Buttigieg,news_images\news_16_21.jpg
"It’s “official” that President Donald Trump is signing an “order from Elon Musk giving taxpayers who have filed their 2024 tax returns a stimulus check for $5,000.”",Fake,false,Facebook posts,news_images\news_16_22.jpg
“Noticia de Ultima Hora! Su Santidad el Papa Francisco ha fallecido” el 24 de febrero del 2025.,Fake,false,Facebook posts,news_images\news_16_23.jpg
“Malia Obama received $2.2 million in funds from USAID.”,Fake,false,Instagram posts,news_images\news_17_0.jpg
"Pope Francis died as of Feb. 23, 2025.",Fake,false,Facebook posts,news_images\news_17_1.jpg
Ukraine President Volodymyr Zelenskyy “blocked Truth Social in Ukraine.”,Fake,false,Social Media,news_images\news_17_2.jpg
Elon Musk posted on X he is planning to suspend Ukraine President Volodymyr Zelenskyy’s X account.,Fake,false,Threads posts,news_images\news_17_3.jpg
"""The Philadelphia Eagles have declined their invitation to the White House,” as of Feb. 24.",Fake,false,Social Media,news_images\news_17_4.jpg
“Delta plane that crashed in Toronto operated by Endeavor Air with all-female flight crew.”,Fake,false,Instagram posts,news_images\news_17_5.jpg
"Says Luigi Mangione posted on X, “He who saves his country does not violate any law.”",Fake,false,Viral image,news_images\news_17_6.jpg
El congresista Adriano Espaillat muestra “La nueva bandera que están promoviendo para República Dominicana que se va a llamar 'DominicoHaiti'”.,Fake,false,Facebook posts,news_images\news_17_7.jpg
“US Debt Clock” numbers prove “DOGE has saved taxpayers $64 billion dollars in just 17 days.”,Fake,false,Social Media,news_images\news_17_8.jpg
"Video shows White House Press Secretary Karoline Leavitt saying Americans can get $4,800 subsidy because Department of Government Efficiency cuts found “extra money.”",Fake,false,Facebook posts,news_images\news_17_9.jpg
"Says Barron Trump posted on X, “We’re on the brink of uncovering a dark legacy in this country that’s been hidden for far too long.”",Fake,false,Instagram posts,news_images\news_17_10.jpg
"Says Elon Musk said on X, “Spoiled crybabies across the country are protesting against America’s golden age. Brats like them should go to prison.”",Fake,false,Viral image,news_images\news_17_11.jpg
“The very LIBERAL 9th Circuit Court has ruled that 84 of Biden's last-minute pardons are unconstitutional.”,Fake,false,Facebook posts,news_images\news_17_12.jpg
Video shows Barron Trump singing on “America’s Got Talent.”,Fake,false,Facebook posts,news_images\news_17_13.jpg
“You either have XX or XY chromosomes. Those are the options.”,Fake,false,Nancy Mace,news_images\news_17_14.jpg
“Elon Musk just ordered all federal workers to be tested for drugs and those that fail have 30 days to retest clean or be fired.”,Fake,false,Threads posts,news_images\news_17_15.jpg
“Barack and Michelle Obama locked in bombshell divorce of the century.”,Fake,false,Facebook posts,news_images\news_17_16.jpg
“An ICE minivan was reportedly set on fire in Philadelphia.”,Fake,false,Social Media,news_images\news_17_17.jpg
"Mexican President Claudia Sheinbaum said, “I told President (Donald) Trump the best way to make rapists and criminals feel unwelcome in the U.S. is for their citizens to stop electing them.”",Fake,false,Facebook posts,news_images\news_17_18.jpg
Michael Jordan said that “any athlete who kneels for our national anthem should lose their medal.”,Fake,false,Facebook posts,news_images\news_17_19.jpg
Video shows X owner Elon Musk promoted a “bedtime trick” to cure diabetes.,Fake,false,Facebook posts,news_images\news_17_20.jpg
Wisconsin does not “require judges to automatically recuse just because they have done some kind of legal work in the past as a lawyer.”,Real,true,Susan Crawford,news_images\news_17_21.jpg
“The NFL admits to canceling Elon's DOGE Super Bowl ads.”,Fake,false,Threads posts,news_images\news_17_22.jpg
“DOGE subcommittee discovered $2.7 trillion in improper” Medicaid and Medicare payments to people overseas.,Fake,false,Social Media,news_images\news_17_23.jpg
"Rep. Nancy Pelosi has a $223,000 salary and a $202 million net worth. Sen. Mitch McConnell has a $200,000 salary and a $95 million net worth. Sen. Chuck Schumer has a $210,000 salary and a $75 million net worth. Sen. Elizabeth Warren has a $285,000 salary and a $67 million net worth.",Fake,barely-true,X posts,news_images\news_18_0.jpg
"The federal workforce grew from 2.1 to 3 million under President Joe Biden, “a 46% increase since Biden took office.”",Fake,false,X posts,news_images\news_18_1.jpg
“Elon Musk announced that he will not sell Tesla Cybertruck to anyone belonging to the ‘pride’ community.”,Fake,false,Facebook posts,news_images\news_18_2.jpg
"“Mel Gibson passes on $100 million Netflix deal to work with Robert De Niro, declares: ‘Keep that woke clown away from me.’”",Fake,false,Facebook posts,news_images\news_18_3.jpg
"Under the SAVE Act, “if you are a woman that has changed your name from your birth certificate, let’s say through marriage … you are no longer eligible to vote.”",Fake,barely-true,TikTok posts,news_images\news_18_4.jpg
“FEMA sent $59M LAST WEEK to luxury hotels in New York City to house illegal migrants… That money is meant for American disaster relief.”,Fake,false,Elon Musk,news_images\news_18_5.jpg
Former USAID Administrator Samantha Power’s net worth “skyrocketed” from $6.7 million to $30 million in three years.,Fake,false,Mario Nawfal,news_images\news_18_6.jpg
"President Donald Trump said he “‘didn’t have time’ to meet the families of the men, women and children who tragically died in the plane crash.”",Fake,false,Threads posts,news_images\news_18_7.jpg
Photo shows National Intelligence Director Tulsi Gabbard and President Donald Trump at her swearing-in.,Fake,false,Viral image,news_images\news_18_8.jpg
"The United States is “last in education out of 40 states … but we're number one in cost per pupil.""",Fake,false,Donald Trump,news_images\news_18_9.jpg
Elon Musk spent $40 million to buy five Super Bowl Commercial ads to promote DOGE.,Fake,false,Facebook posts,news_images\news_18_10.jpg
Coca-Cola “sells out its own workers to ICE.”,Fake,false,Instagram posts,news_images\news_18_11.jpg
Video shows a sinkhole opened in New York City in February 2025.,Fake,false,Instagram posts,news_images\news_18_12.jpg
Video shows celebrities wearing T-shirts with graphics of a middle finger and the word “Kanye.”,Fake,false,Viral image,news_images\news_18_13.jpg
"Says Kash Patel said, “FBI investigation uncovers 256 emails between Adam Schiff and Jeffrey Epstein.”",Fake,false,Instagram posts,news_images\news_18_14.jpg
Photo shows Mexican President Claudia Sheinbaum wearing a “Make America Mexicana Again” hat.,Fake,false,Viral image,news_images\news_18_15.jpg
"Says Mexican President Claudia Sheinbaum told President Donald Trump, “They will beg us to tear down this ugly wall.”",Fake,false,Facebook posts,news_images\news_18_16.jpg
"Bill Gates said, “Defunding USAID will bring about another mystery illness across the world.”",Fake,false,Social Media,news_images\news_18_17.jpg
Video shows President Donald Trump was “booed at the Super Bowl.”,Fake,false,Viral image,news_images\news_18_18.jpg
"Says U.S. Sen. Elizabeth Warren said, “There is nothing in the Constitution that says ordinary citizens have a right to see what we spend our tax dollars on.”",Fake,false,Instagram posts,news_images\news_18_19.jpg
Photo shows someone raising two middle fingers at President Donald Trump at the 2025 Super Bowl.,Fake,false,Viral image,news_images\news_18_20.jpg
President Donald Trump posted that “the Chiefs’ Super Bowl performance was a disaster” and “too focused on DEI nonsense.”,Fake,false,Threads posts,news_images\news_18_21.jpg
A ‘60 Minutes’ clip shows Kamala Harris lying while cameras roll. “,Fake,false,Instagram posts,news_images\news_18_22.jpg
Ring is “alerting people about (Immigration and Customs Enforcement) raids.”,Fake,false,Instagram posts,news_images\news_18_23.jpg
"As head football coach at Texas Tech University, “I recruited (Patrick Mahomes) ... I’ve got to be very good friends with him.”",Fake,false,Tommy Tuberville,news_images\news_18_24.jpg
"“Elon Musk officially cancelled USAID and fired all the staff. In his words, ‘we just toppled one of the biggest globalist terror organizations in history.’”",Fake,barely-true,Facebook posts,news_images\news_18_25.jpg
"CBS News and “60 Minutes” “replaced” former Vice President Kamala Harris’ interview answers “with completely different, and far better, answers, taken from another part of the interview.”",Fake,false,Donald Trump,news_images\news_19_0.jpg
The U.S. Army helicopter in the Jan. 29 plane collision was the same model of helicopter in the 2020 Kobe Bryant crash.,Fake,false,Instagram posts,news_images\news_19_1.jpg
“Breaking news: Taylor Swift officially banned from Super Bowl 2025.”,Fake,false,Facebook posts,news_images\news_19_2.jpg
“Elon Musk says Italians should stay in Italy and the Japanese in Japan.”,Fake,false,Threads posts,news_images\news_19_3.jpg
An image of a website error code shows the Trump administration “trolling” former Vice President Kamala Harris.,Fake,false,Viral image,news_images\news_19_4.jpg
Graphic shows that the U.S. Agency for International Development paid Chelsea Clinton $84 million.,Fake,false,Social Media,news_images\news_19_5.jpg
"""Empresa Coca-Cola le pide perdón a los inmigrantes y le envían un mensaje especial a todos los afectados"".",Fake,false,Facebook posts,news_images\news_19_6.jpg
Early reports of four survivors show “this DC plane crash story isn’t adding up.”,Fake,false,Facebook posts,news_images\news_19_7.jpg
"Says Elon Musk said, the Pentagon was spending $600 million a year on sushi.",Fake,false,Facebook posts,news_images\news_19_8.jpg
Video shows Robert Kennedy Jr. promoting a diabetes cure.,Fake,false,Facebook posts,news_images\news_19_9.jpg
Florida’s in-state college tuition waiver for immigrants in the country illegally costs the state $41 million.,Fake,barely-true,Randy Fine,news_images\news_19_10.jpg
Video shows Robert Kennedy Jr. promoting a diabetes cure.,Fake,false,Facebook posts,news_images\news_19_11.jpg
Video shows President Donald Trump saying Mexicans call him “peachy cool arrow.”,Fake,false,Instagram posts,news_images\news_19_12.jpg
“Al patinador artístico estadounidense Jon Maravilla se le negó el embarque en el vuelo de American Airlines (hacía Washington D.C.) que posteriormente colisionó con un helicóptero”.,Fake,false,Threads posts,news_images\news_19_13.jpg
Federal websites updated with a nine-star flag that represents the Confederacy.,Fake,false,Social Media,news_images\news_19_14.jpg
"From the U.S. Agency for International Development funding, “10 to 30 cents on the dollar is what actually goes to aid.”",Fake,false,Brian Mast,news_images\news_19_15.jpg
"Video shows a missile crashed in a Philadelphia neighborhood Jan. 31, not a jet.",Fake,false,Instagram posts,news_images\news_19_16.jpg
"“U.S. figure skater Jon Maravilla was reportedly prevented from boarding a doomed flight to Washington, D.C.”",Fake,false,Threads posts,news_images\news_19_17.jpg
"“El gobernador de California le ha dejado las cosas bien claras a Donald Trump que si llega a deportar a los inmigrantes que viven en California el estado independizara de Estados Unidos y se unirá con México"".",Fake,false,Instagram posts,news_images\news_19_18.jpg
"Mexico’s President Claudia Sheinbaum said, “I’m confused. I keep hearing everyone from America saying that my country is sending felons and (rapists) into their country. We thought that was encouraged … considering that’s what they chose to be their president.”",Fake,false,Instagram posts,news_images\news_19_19.jpg
"“The Trump administration is giving each and every adult in America $18,000.”",Fake,false,Instagram posts,news_images\news_19_20.jpg
Ukrainian President Volodymyr Zelenskyy “just threw the whole Ukraine money laundering operation under the bus … by stating he’s received less than half of the over $177 billion in aid sent by the United States.”,Fake,false,Facebook posts,news_images\news_19_21.jpg
“Melania wins $900 million ‘defamation lawsuit’ against The View & Sunny Hostin.”,Fake,false,Threads posts,news_images\news_19_22.jpg
"Says White House Press Secretary Karoline Leavitt said, “Jesus didn’t have electricity and he did just fine.”",Fake,false,Threads posts,news_images\news_19_23.jpg
Video shows “airplane crash with helicopter in Washington D.C.”,Fake,false,Facebook posts,news_images\news_19_24.jpg
CNN reported on the Potomac River plane and helicopter crash “hours before it happened.”,Fake,false,Instagram posts,news_images\news_19_25.jpg
“Elon Musk shocks the world by blocking Pride on X forever: ‘Children must come first.’”,Fake,false,Facebook posts,news_images\news_20_0.jpg
"The National Human Trafficking Hotline “in the last four years decided that they would no longer report tips to law enforcement, that they would take a more victim-centered approach.”",Fake,false,Ashley Moody,news_images\news_20_1.jpg
The Black Hawk helicopter involved in the American Airlines crash “was being controlled remotely.”,Fake,false,Threads posts,news_images\news_20_2.jpg
"Video shows a dam breaking Sept. 28, 2024, in North Carolina.",Fake,false,Viral image,news_images\news_20_3.jpg
"Photo shows “a dangerous serial killer” named Jaden Williams in Monroe, Louisiana.",Fake,false,Facebook posts,news_images\news_20_4.jpg
"“1,500 IRS agents have submitted letters of resignation after Trump announced he would put 90,000 superfluous IRS personnel on border patrol.”",Fake,false,Instagram posts,news_images\news_20_5.jpg
Photo shows Black Hawk helicopter pilot in fatal crash worked for years with President Joe Biden at the White House.,Fake,false,Instagram posts,news_images\news_20_6.jpg
"A Jan. 6, 2021, U.S. Capitol rioter pardoned by President Donald Trump was “killed when she used her 2A rights with a shotgun while being served for eviction.”",Fake,false,Threads posts,news_images\news_20_7.jpg
“A dangerous Hispanic couple” is “on the run after killing 3 female police officers.”,Fake,false,Facebook posts,news_images\news_20_8.jpg
Video shows “Donald Trump just announced that America will no longer give visas to Nigerians.”,Fake,false,Viral image,news_images\news_20_9.jpg
“Donald Trump is reportedly furious with Elon Musk for convincing him to push out the head of the FAA because Musk was mad SpaceX got fined last September by the FAA for license violations.”,Fake,false,Threads posts,news_images\news_20_10.jpg
Imagen muestra a oficiales de inmigración arrestando a un hombre vestido con una camisa de “Latinos for Trump 2024”.,Fake,false,Instagram posts,news_images\news_20_11.jpg
“I changed the Obama policy (on hiring air traffic controllers) ... And then Biden came in and he changed it.”,Fake,false,Donald Trump,news_images\news_20_12.jpg
“ICE just announced it is pausing the hotline where people can call to report undocumented immigrants because 90% of the calls are from people reporting Elon Musk.”,Fake,false,Threads posts,news_images\news_20_13.jpg
“The Episcopal Archdiocese of Washington has removed” Bishop Mariann Budde “from the National Cathedral.”,Fake,false,Threads posts,news_images\news_20_14.jpg
"Says Treasury Secretary Scott Bessent posted on X, “I’m committed to eliminating income taxes, replacing them with a fair consumption tax, and adopting gold-backed currency.”",Fake,false,Viral image,news_images\news_20_15.jpg
A video shows “people around the world” who are “protesting because Donald Trump is the president.”,Fake,false,Instagram posts,news_images\news_20_16.jpg
“Biden pardons are unconstitutional! 7th Circuit Court Judge Joseph Barron ruled that there is no provision to pardon someone who hasn’t been formally charged.”,Fake,false,Instagram posts,news_images\news_20_17.jpg
“Pfizer just released its list of side effects of its COVID-19 vaccine.”,Fake,false,Facebook posts,news_images\news_20_18.jpg
“The VIP on the Black Hawk helicopter that crashed was Barack Obama.”,Fake,false,X posts,news_images\news_20_19.jpg
Image shows immigration officers arresting someone wearing a “Latinos for Trump 2024” shirt in 2025.,Fake,false,Viral image,news_images\news_20_20.jpg
"Images show a “beautiful baby boy, estimated to be between 7 months to a year old … found dumped by the roadside” in January 2025.",Fake,false,Facebook posts,news_images\news_20_21.jpg
“DOGE and OMB also found that there was about to be $50 million taxpayer dollars that went out the door to fund condoms in Gaza.”,Fake,false,Karoline Leavitt,news_images\news_20_22.jpg
"“JD Vance is in North Carolina, and he’s found furnished apartments to put the people in that have been living in tents.”",Fake,false,TikTok posts,news_images\news_20_23.jpg
Reps. Alexandria Ocasio-Cortez and Jamie Raskin “have filed articles of impeachment against President Trump for pardoning the J6 prisoners.”,Fake,false,Threads posts,news_images\news_20_24.jpg
